algorithm,runs,mean_seconds,sd_seconds,ci95_seconds,ci95_method,ci95_critical,last_result
BFS,30,0.09389029332281401,0.008430431006382619,0.0030167909913686695,Normal/Z,1.96,51245
DFS,30,0.20037192997988312,0.01034527111189787,0.0037020077229754362,Normal/Z,1.96,51245
Verificacao de Eulerianidade,30,2.09989957511425e-07,1.3225164105429876e-07,4.7325641954043613e-08,Normal/Z,1.96,False
Dijkstra,30,0.17769361999041092,0.006897268194546024,0.002468155725206315,Normal/Z,1.96,51245
Bellman-Ford (subgrafo),30,4.79998222241799e-06,1.961683257574667e-06,7.019793382911898e-07,Normal/Z,1.96,1
Floyd-Warshall (subgrafo),30,0.0002559066517278552,1.3881879528905654e-05,4.967566791586532e-06,Normal/Z,1.96,70
Tarjan,30,0.2503172733277703,0.044932297365598,0.016078816114076407,Normal/Z,1.96,"(5, 1)"
Kruskal/MST,30,0.327247863340502,0.01268782291459659,0.0045402791197575905,Normal/Z,1.96,51275
